ebNo_dB,codewordErrorRate,pdfX_pt,pdfY_pt
0,1,172.951,94.874
0.200261780105,1,186.721,94.874
0.299738219895,0.996436465146,193.561,94.919
0.399869109948,0.982308861817,200.446,95.099
0.5,0.944482245585,207.331,95.594
0.600130890052,0.870031313554,214.216,96.629
0.700261780105,0.751569231572,221.101,98.474
0.799738219895,0.589579854595,227.941,101.534
0.899869109948,0.415532169221,234.826,105.944
1,0.261248775515,241.711,111.794
1.10013089005,0.142902148939,248.596,119.399
1.2002617801,0.0692325100687,255.481,128.534
1.2997382199,0.0301349008884,262.321,139.019
1.39986910995,0.011371400444,269.206,151.304
1.5,0.00380053696755,276.091,165.119
1.60013089005,0.00115349443568,282.976,180.149
1.7002617801,0.000322498078802,289.861,196.214
1.7997382199,7.87270595736e-05,296.701,213.989
1.89986910995,1.7766930484e-05,303.586,232.754
2,3.62818916867e-06,310.471,252.779
2.10013089005,8.1007854833e-07,317.356,271.679
2.2002617801,1.70827639381e-07,324.241,291.299
